,UserID,username,name
0,1,1,Id - 1; Age - 24; Occupation - technician; Gender - M
1,2,2,Id - 2; Age - 53; Occupation - other; Gender - F
2,3,3,Id - 3; Age - 23; Occupation - writer; Gender - M
3,4,4,Id - 4; Age - 24; Occupation - technician; Gender - M
4,5,5,Id - 5; Age - 33; Occupation - other; Gender - F
5,6,6,Id - 6; Age - 42; Occupation - executive; Gender - M
6,7,7,Id - 7; Age - 57; Occupation - administrator; Gender - M
7,8,8,Id - 8; Age - 36; Occupation - administrator; Gender - M
8,9,9,Id - 9; Age - 29; Occupation - student; Gender - M
9,10,10,Id - 10; Age - 53; Occupation - lawyer; Gender - M
10,11,11,Id - 11; Age - 39; Occupation - other; Gender - F
11,12,12,Id - 12; Age - 28; Occupation - other; Gender - F
12,13,13,Id - 13; Age - 47; Occupation - educator; Gender - M
13,14,14,Id - 14; Age - 45; Occupation - scientist; Gender - M
14,15,15,Id - 15; Age - 49; Occupation - educator; Gender - F
15,16,16,Id - 16; Age - 21; Occupation - entertainment; Gender - M
16,17,17,Id - 17; Age - 30; Occupation - programmer; Gender - M
17,18,18,Id - 18; Age - 35; Occupation - other; Gender - F
18,19,19,Id - 19; Age - 40; Occupation - librarian; Gender - M
19,20,20,Id - 20; Age - 42; Occupation - homemaker; Gender - F
20,21,21,Id - 21; Age - 26; Occupation - writer; Gender - M
21,22,22,Id - 22; Age - 25; Occupation - writer; Gender - M
22,23,23,Id - 23; Age - 30; Occupation - artist; Gender - F
23,24,24,Id - 24; Age - 21; Occupation - artist; Gender - F
24,25,25,Id - 25; Age - 39; Occupation - engineer; Gender - M
25,26,26,Id - 26; Age - 49; Occupation - engineer; Gender - M
26,27,27,Id - 27; Age - 40; Occupation - librarian; Gender - F
27,28,28,Id - 28; Age - 32; Occupation - writer; Gender - M
28,29,29,Id - 29; Age - 41; Occupation - programmer; Gender - M
29,30,30,Id - 30; Age - 7; Occupation - student; Gender - M
30,31,31,Id - 31; Age - 24; Occupation - artist; Gender - M
31,32,32,Id - 32; Age - 28; Occupation - student; Gender - F
32,33,33,Id - 33; Age - 23; Occupation - student; Gender - M
33,34,34,Id - 34; Age - 38; Occupation - administrator; Gender - F
34,35,35,Id - 35; Age - 20; Occupation - homemaker; Gender - F
35,36,36,Id - 36; Age - 19; Occupation - student; Gender - F
36,37,37,Id - 37; Age - 23; Occupation - student; Gender - M
37,38,38,Id - 38; Age - 28; Occupation - other; Gender - F
38,39,39,Id - 39; Age - 41; Occupation - entertainment; Gender - M
39,40,40,Id - 40; Age - 38; Occupation - scientist; Gender - M
40,41,41,Id - 41; Age - 33; Occupation - engineer; Gender - M
41,42,42,Id - 42; Age - 30; Occupation - administrator; Gender - M
42,43,43,Id - 43; Age - 29; Occupation - librarian; Gender - F
43,44,44,Id - 44; Age - 26; Occupation - technician; Gender - M
44,45,45,Id - 45; Age - 29; Occupation - programmer; Gender - M
45,46,46,Id - 46; Age - 27; Occupation - marketing; Gender - F
46,47,47,Id - 47; Age - 53; Occupation - marketing; Gender - M
47,48,48,Id - 48; Age - 45; Occupation - administrator; Gender - M
48,49,49,Id - 49; Age - 23; Occupation - student; Gender - F
49,50,50,Id - 50; Age - 21; Occupation - writer; Gender - M
50,51,51,Id - 51; Age - 28; Occupation - educator; Gender - M
51,52,52,Id - 52; Age - 18; Occupation - student; Gender - F
52,53,53,Id - 53; Age - 26; Occupation - programmer; Gender - M
53,54,54,Id - 54; Age - 22; Occupation - executive; Gender - M
54,55,55,Id - 55; Age - 37; Occupation - programmer; Gender - M
55,56,56,Id - 56; Age - 25; Occupation - librarian; Gender - M
56,57,57,Id - 57; Age - 16; Occupation - none; Gender - M
57,58,58,Id - 58; Age - 27; Occupation - programmer; Gender - M
58,59,59,Id - 59; Age - 49; Occupation - educator; Gender - M
59,60,60,Id - 60; Age - 50; Occupation - healthcare; Gender - M
60,61,61,Id - 61; Age - 36; Occupation - engineer; Gender - M
61,62,62,Id - 62; Age - 27; Occupation - administrator; Gender - F
62,63,63,Id - 63; Age - 31; Occupation - marketing; Gender - M
63,64,64,Id - 64; Age - 32; Occupation - educator; Gender - M
64,65,65,Id - 65; Age - 51; Occupation - educator; Gender - F
65,66,66,Id - 66; Age - 23; Occupation - student; Gender - M
66,67,67,Id - 67; Age - 17; Occupation - student; Gender - M
67,68,68,Id - 68; Age - 19; Occupation - student; Gender - M
68,69,69,Id - 69; Age - 24; Occupation - engineer; Gender - M
69,70,70,Id - 70; Age - 27; Occupation - engineer; Gender - M
70,71,71,Id - 71; Age - 39; Occupation - scientist; Gender - M
71,72,72,Id - 72; Age - 48; Occupation - administrator; Gender - F
72,73,73,Id - 73; Age - 24; Occupation - student; Gender - M
73,74,74,Id - 74; Age - 39; Occupation - scientist; Gender - M
74,75,75,Id - 75; Age - 24; Occupation - entertainment; Gender - M
75,76,76,Id - 76; Age - 20; Occupation - student; Gender - M
76,77,77,Id - 77; Age - 30; Occupation - technician; Gender - M
77,78,78,Id - 78; Age - 26; Occupation - administrator; Gender - M
78,79,79,Id - 79; Age - 39; Occupation - administrator; Gender - F
79,80,80,Id - 80; Age - 34; Occupation - administrator; Gender - F
80,81,81,Id - 81; Age - 21; Occupation - student; Gender - M
81,82,82,Id - 82; Age - 50; Occupation - programmer; Gender - M
82,83,83,Id - 83; Age - 40; Occupation - other; Gender - M
83,84,84,Id - 84; Age - 32; Occupation - executive; Gender - M
84,85,85,Id - 85; Age - 51; Occupation - educator; Gender - M
85,86,86,Id - 86; Age - 26; Occupation - administrator; Gender - M
86,87,87,Id - 87; Age - 47; Occupation - administrator; Gender - M
87,88,88,Id - 88; Age - 49; Occupation - librarian; Gender - F
88,89,89,Id - 89; Age - 43; Occupation - administrator; Gender - F
89,90,90,Id - 90; Age - 60; Occupation - educator; Gender - M
90,91,91,Id - 91; Age - 55; Occupation - marketing; Gender - M
91,92,92,Id - 92; Age - 32; Occupation - entertainment; Gender - M
92,93,93,Id - 93; Age - 48; Occupation - executive; Gender - M
93,94,94,Id - 94; Age - 26; Occupation - student; Gender - M
94,95,95,Id - 95; Age - 31; Occupation - administrator; Gender - M
95,96,96,Id - 96; Age - 25; Occupation - artist; Gender - F
96,97,97,Id - 97; Age - 43; Occupation - artist; Gender - M
97,98,98,Id - 98; Age - 49; Occupation - executive; Gender - F
98,99,99,Id - 99; Age - 20; Occupation - student; Gender - M
99,100,100,Id - 100; Age - 36; Occupation - executive; Gender - M
100,101,101,Id - 101; Age - 15; Occupation - student; Gender - M
101,102,102,Id - 102; Age - 38; Occupation - programmer; Gender - M
102,103,103,Id - 103; Age - 26; Occupation - student; Gender - M
103,104,104,Id - 104; Age - 27; Occupation - student; Gender - M
104,105,105,Id - 105; Age - 24; Occupation - engineer; Gender - M
105,106,106,Id - 106; Age - 61; Occupation - retired; Gender - M
106,107,107,Id - 107; Age - 39; Occupation - scientist; Gender - M
107,108,108,Id - 108; Age - 44; Occupation - educator; Gender - M
108,109,109,Id - 109; Age - 29; Occupation - other; Gender - M
109,110,110,Id - 110; Age - 19; Occupation - student; Gender - M
110,111,111,Id - 111; Age - 57; Occupation - engineer; Gender - M
111,112,112,Id - 112; Age - 30; Occupation - salesman; Gender - M
112,113,113,Id - 113; Age - 47; Occupation - executive; Gender - M
113,114,114,Id - 114; Age - 27; Occupation - programmer; Gender - M
114,115,115,Id - 115; Age - 31; Occupation - engineer; Gender - M
115,116,116,Id - 116; Age - 40; Occupation - healthcare; Gender - M
116,117,117,Id - 117; Age - 20; Occupation - student; Gender - M
117,118,118,Id - 118; Age - 21; Occupation - administrator; Gender - M
118,119,119,Id - 119; Age - 32; Occupation - programmer; Gender - M
119,120,120,Id - 120; Age - 47; Occupation - other; Gender - F
120,121,121,Id - 121; Age - 54; Occupation - librarian; Gender - M
121,122,122,Id - 122; Age - 32; Occupation - writer; Gender - F
122,123,123,Id - 123; Age - 48; Occupation - artist; Gender - F
123,124,124,Id - 124; Age - 34; Occupation - student; Gender - M
124,125,125,Id - 125; Age - 30; Occupation - lawyer; Gender - M
125,126,126,Id - 126; Age - 28; Occupation - lawyer; Gender - F
126,127,127,Id - 127; Age - 33; Occupation - none; Gender - M
127,128,128,Id - 128; Age - 24; Occupation - marketing; Gender - F
128,129,129,Id - 129; Age - 36; Occupation - marketing; Gender - F
129,130,130,Id - 130; Age - 20; Occupation - none; Gender - M
130,131,131,Id - 131; Age - 59; Occupation - administrator; Gender - F
131,132,132,Id - 132; Age - 24; Occupation - other; Gender - M
132,133,133,Id - 133; Age - 53; Occupation - engineer; Gender - M
133,134,134,Id - 134; Age - 31; Occupation - programmer; Gender - M
134,135,135,Id - 135; Age - 23; Occupation - student; Gender - M
135,136,136,Id - 136; Age - 51; Occupation - other; Gender - M
136,137,137,Id - 137; Age - 50; Occupation - educator; Gender - M
137,138,138,Id - 138; Age - 46; Occupation - doctor; Gender - M
138,139,139,Id - 139; Age - 20; Occupation - student; Gender - M
139,140,140,Id - 140; Age - 30; Occupation - student; Gender - F
140,141,141,Id - 141; Age - 49; Occupation - programmer; Gender - M
141,142,142,Id - 142; Age - 13; Occupation - other; Gender - M
142,143,143,Id - 143; Age - 42; Occupation - technician; Gender - M
143,144,144,Id - 144; Age - 53; Occupation - programmer; Gender - M
144,145,145,Id - 145; Age - 31; Occupation - entertainment; Gender - M
145,146,146,Id - 146; Age - 45; Occupation - artist; Gender - M
146,147,147,Id - 147; Age - 40; Occupation - librarian; Gender - F
147,148,148,Id - 148; Age - 33; Occupation - engineer; Gender - M
148,149,149,Id - 149; Age - 35; Occupation - marketing; Gender - F
149,150,150,Id - 150; Age - 20; Occupation - artist; Gender - F
150,151,151,Id - 151; Age - 38; Occupation - administrator; Gender - F
151,152,152,Id - 152; Age - 33; Occupation - educator; Gender - F
152,153,153,Id - 153; Age - 25; Occupation - student; Gender - M
153,154,154,Id - 154; Age - 25; Occupation - student; Gender - M
154,155,155,Id - 155; Age - 32; Occupation - other; Gender - F
155,156,156,Id - 156; Age - 25; Occupation - educator; Gender - M
156,157,157,Id - 157; Age - 57; Occupation - engineer; Gender - M
157,158,158,Id - 158; Age - 50; Occupation - educator; Gender - M
158,159,159,Id - 159; Age - 23; Occupation - student; Gender - F
159,160,160,Id - 160; Age - 27; Occupation - programmer; Gender - M
160,161,161,Id - 161; Age - 50; Occupation - lawyer; Gender - M
161,162,162,Id - 162; Age - 25; Occupation - artist; Gender - M
162,163,163,Id - 163; Age - 49; Occupation - administrator; Gender - M
163,164,164,Id - 164; Age - 47; Occupation - healthcare; Gender - M
164,165,165,Id - 165; Age - 20; Occupation - other; Gender - F
165,166,166,Id - 166; Age - 47; Occupation - educator; Gender - M
166,167,167,Id - 167; Age - 37; Occupation - other; Gender - M
167,168,168,Id - 168; Age - 48; Occupation - other; Gender - M
168,169,169,Id - 169; Age - 52; Occupation - other; Gender - F
169,170,170,Id - 170; Age - 53; Occupation - healthcare; Gender - F
170,171,171,Id - 171; Age - 48; Occupation - educator; Gender - F
171,172,172,Id - 172; Age - 55; Occupation - marketing; Gender - M
172,173,173,Id - 173; Age - 56; Occupation - other; Gender - M
173,174,174,Id - 174; Age - 30; Occupation - administrator; Gender - F
174,175,175,Id - 175; Age - 26; Occupation - scientist; Gender - F
175,176,176,Id - 176; Age - 28; Occupation - scientist; Gender - M
176,177,177,Id - 177; Age - 20; Occupation - programmer; Gender - M
177,178,178,Id - 178; Age - 26; Occupation - other; Gender - M
178,179,179,Id - 179; Age - 15; Occupation - entertainment; Gender - M
179,180,180,Id - 180; Age - 22; Occupation - administrator; Gender - F
180,181,181,Id - 181; Age - 26; Occupation - executive; Gender - M
181,182,182,Id - 182; Age - 36; Occupation - programmer; Gender - M
182,183,183,Id - 183; Age - 33; Occupation - scientist; Gender - M
183,184,184,Id - 184; Age - 37; Occupation - librarian; Gender - M
184,185,185,Id - 185; Age - 53; Occupation - librarian; Gender - F
185,186,186,Id - 186; Age - 39; Occupation - executive; Gender - F
186,187,187,Id - 187; Age - 26; Occupation - educator; Gender - M
187,188,188,Id - 188; Age - 42; Occupation - student; Gender - M
188,189,189,Id - 189; Age - 32; Occupation - artist; Gender - M
189,190,190,Id - 190; Age - 30; Occupation - administrator; Gender - M
190,191,191,Id - 191; Age - 33; Occupation - administrator; Gender - M
191,192,192,Id - 192; Age - 42; Occupation - educator; Gender - M
192,193,193,Id - 193; Age - 29; Occupation - student; Gender - M
193,194,194,Id - 194; Age - 38; Occupation - administrator; Gender - M
194,195,195,Id - 195; Age - 42; Occupation - scientist; Gender - M
195,196,196,Id - 196; Age - 49; Occupation - writer; Gender - M
196,197,197,Id - 197; Age - 55; Occupation - technician; Gender - M
197,198,198,Id - 198; Age - 21; Occupation - student; Gender - F
198,199,199,Id - 199; Age - 30; Occupation - writer; Gender - M
199,200,200,Id - 200; Age - 40; Occupation - programmer; Gender - M
200,201,201,Id - 201; Age - 27; Occupation - writer; Gender - M
201,202,202,Id - 202; Age - 41; Occupation - educator; Gender - F
202,203,203,Id - 203; Age - 25; Occupation - student; Gender - F
203,204,204,Id - 204; Age - 52; Occupation - librarian; Gender - F
204,205,205,Id - 205; Age - 47; Occupation - lawyer; Gender - M
205,206,206,Id - 206; Age - 14; Occupation - student; Gender - F
206,207,207,Id - 207; Age - 39; Occupation - marketing; Gender - M
207,208,208,Id - 208; Age - 43; Occupation - engineer; Gender - M
208,209,209,Id - 209; Age - 33; Occupation - educator; Gender - F
209,210,210,Id - 210; Age - 39; Occupation - engineer; Gender - M
210,211,211,Id - 211; Age - 66; Occupation - salesman; Gender - M
211,212,212,Id - 212; Age - 49; Occupation - educator; Gender - F
212,213,213,Id - 213; Age - 33; Occupation - executive; Gender - M
213,214,214,Id - 214; Age - 26; Occupation - librarian; Gender - F
214,215,215,Id - 215; Age - 35; Occupation - programmer; Gender - M
215,216,216,Id - 216; Age - 22; Occupation - engineer; Gender - M
216,217,217,Id - 217; Age - 22; Occupation - other; Gender - M
217,218,218,Id - 218; Age - 37; Occupation - administrator; Gender - M
218,219,219,Id - 219; Age - 32; Occupation - programmer; Gender - M
219,220,220,Id - 220; Age - 30; Occupation - librarian; Gender - M
220,221,221,Id - 221; Age - 19; Occupation - student; Gender - M
221,222,222,Id - 222; Age - 29; Occupation - programmer; Gender - M
222,223,223,Id - 223; Age - 19; Occupation - student; Gender - F
223,224,224,Id - 224; Age - 31; Occupation - educator; Gender - F
224,225,225,Id - 225; Age - 51; Occupation - administrator; Gender - F
225,226,226,Id - 226; Age - 28; Occupation - student; Gender - M
226,227,227,Id - 227; Age - 46; Occupation - executive; Gender - M
227,228,228,Id - 228; Age - 21; Occupation - student; Gender - F
228,229,229,Id - 229; Age - 29; Occupation - librarian; Gender - F
229,230,230,Id - 230; Age - 28; Occupation - student; Gender - F
230,231,231,Id - 231; Age - 48; Occupation - librarian; Gender - M
231,232,232,Id - 232; Age - 45; Occupation - scientist; Gender - M
232,233,233,Id - 233; Age - 38; Occupation - engineer; Gender - M
233,234,234,Id - 234; Age - 60; Occupation - retired; Gender - M
234,235,235,Id - 235; Age - 37; Occupation - educator; Gender - M
235,236,236,Id - 236; Age - 44; Occupation - writer; Gender - F
236,237,237,Id - 237; Age - 49; Occupation - administrator; Gender - M
237,238,238,Id - 238; Age - 42; Occupation - administrator; Gender - F
238,239,239,Id - 239; Age - 39; Occupation - artist; Gender - M
239,240,240,Id - 240; Age - 23; Occupation - educator; Gender - F
240,241,241,Id - 241; Age - 26; Occupation - student; Gender - F
241,242,242,Id - 242; Age - 33; Occupation - educator; Gender - M
242,243,243,Id - 243; Age - 33; Occupation - educator; Gender - M
243,244,244,Id - 244; Age - 28; Occupation - technician; Gender - M
244,245,245,Id - 245; Age - 22; Occupation - student; Gender - M
245,246,246,Id - 246; Age - 19; Occupation - student; Gender - M
246,247,247,Id - 247; Age - 28; Occupation - engineer; Gender - M
247,248,248,Id - 248; Age - 25; Occupation - student; Gender - M
248,249,249,Id - 249; Age - 25; Occupation - student; Gender - M
249,250,250,Id - 250; Age - 29; Occupation - executive; Gender - M
250,251,251,Id - 251; Age - 28; Occupation - doctor; Gender - M
251,252,252,Id - 252; Age - 42; Occupation - engineer; Gender - M
252,253,253,Id - 253; Age - 26; Occupation - librarian; Gender - F
253,254,254,Id - 254; Age - 44; Occupation - educator; Gender - M
254,255,255,Id - 255; Age - 23; Occupation - entertainment; Gender - M
255,256,256,Id - 256; Age - 35; Occupation - none; Gender - F
256,257,257,Id - 257; Age - 17; Occupation - student; Gender - M
257,258,258,Id - 258; Age - 19; Occupation - student; Gender - F
258,259,259,Id - 259; Age - 21; Occupation - student; Gender - M
259,260,260,Id - 260; Age - 40; Occupation - artist; Gender - F
260,261,261,Id - 261; Age - 28; Occupation - administrator; Gender - M
261,262,262,Id - 262; Age - 19; Occupation - student; Gender - F
262,263,263,Id - 263; Age - 41; Occupation - programmer; Gender - M
263,264,264,Id - 264; Age - 36; Occupation - writer; Gender - F
264,265,265,Id - 265; Age - 26; Occupation - executive; Gender - M
265,266,266,Id - 266; Age - 62; Occupation - administrator; Gender - F
266,267,267,Id - 267; Age - 23; Occupation - engineer; Gender - M
267,268,268,Id - 268; Age - 24; Occupation - engineer; Gender - M
268,269,269,Id - 269; Age - 31; Occupation - librarian; Gender - F
269,270,270,Id - 270; Age - 18; Occupation - student; Gender - F
270,271,271,Id - 271; Age - 51; Occupation - engineer; Gender - M
271,272,272,Id - 272; Age - 33; Occupation - scientist; Gender - M
272,273,273,Id - 273; Age - 50; Occupation - other; Gender - F
273,274,274,Id - 274; Age - 20; Occupation - student; Gender - F
274,275,275,Id - 275; Age - 38; Occupation - engineer; Gender - M
275,276,276,Id - 276; Age - 21; Occupation - student; Gender - M
276,277,277,Id - 277; Age - 35; Occupation - administrator; Gender - F
277,278,278,Id - 278; Age - 37; Occupation - librarian; Gender - F
278,279,279,Id - 279; Age - 33; Occupation - programmer; Gender - M
279,280,280,Id - 280; Age - 30; Occupation - librarian; Gender - F
280,281,281,Id - 281; Age - 15; Occupation - student; Gender - F
281,282,282,Id - 282; Age - 22; Occupation - administrator; Gender - M
282,283,283,Id - 283; Age - 28; Occupation - programmer; Gender - M
283,284,284,Id - 284; Age - 40; Occupation - executive; Gender - M
284,285,285,Id - 285; Age - 25; Occupation - programmer; Gender - M
285,286,286,Id - 286; Age - 27; Occupation - student; Gender - M
286,287,287,Id - 287; Age - 21; Occupation - salesman; Gender - M
287,288,288,Id - 288; Age - 34; Occupation - marketing; Gender - M
288,289,289,Id - 289; Age - 11; Occupation - none; Gender - M
289,290,290,Id - 290; Age - 40; Occupation - engineer; Gender - M
290,291,291,Id - 291; Age - 19; Occupation - student; Gender - M
291,292,292,Id - 292; Age - 35; Occupation - programmer; Gender - F
292,293,293,Id - 293; Age - 24; Occupation - writer; Gender - M
293,294,294,Id - 294; Age - 34; Occupation - technician; Gender - M
294,295,295,Id - 295; Age - 31; Occupation - educator; Gender - M
295,296,296,Id - 296; Age - 43; Occupation - administrator; Gender - F
296,297,297,Id - 297; Age - 29; Occupation - educator; Gender - F
297,298,298,Id - 298; Age - 44; Occupation - executive; Gender - M
298,299,299,Id - 299; Age - 29; Occupation - doctor; Gender - M
299,300,300,Id - 300; Age - 26; Occupation - programmer; Gender - F
300,301,301,Id - 301; Age - 24; Occupation - student; Gender - M
301,302,302,Id - 302; Age - 42; Occupation - educator; Gender - M
302,303,303,Id - 303; Age - 19; Occupation - student; Gender - M
303,304,304,Id - 304; Age - 22; Occupation - student; Gender - F
304,305,305,Id - 305; Age - 23; Occupation - programmer; Gender - M
305,306,306,Id - 306; Age - 45; Occupation - other; Gender - M
306,307,307,Id - 307; Age - 25; Occupation - student; Gender - M
307,308,308,Id - 308; Age - 60; Occupation - retired; Gender - M
308,309,309,Id - 309; Age - 40; Occupation - scientist; Gender - M
309,310,310,Id - 310; Age - 37; Occupation - educator; Gender - M
310,311,311,Id - 311; Age - 32; Occupation - technician; Gender - M
311,312,312,Id - 312; Age - 48; Occupation - other; Gender - M
312,313,313,Id - 313; Age - 41; Occupation - marketing; Gender - M
313,314,314,Id - 314; Age - 20; Occupation - student; Gender - F
314,315,315,Id - 315; Age - 31; Occupation - educator; Gender - M
315,316,316,Id - 316; Age - 43; Occupation - other; Gender - F
316,317,317,Id - 317; Age - 22; Occupation - administrator; Gender - M
317,318,318,Id - 318; Age - 65; Occupation - retired; Gender - M
318,319,319,Id - 319; Age - 38; Occupation - programmer; Gender - M
319,320,320,Id - 320; Age - 19; Occupation - student; Gender - M
320,321,321,Id - 321; Age - 49; Occupation - educator; Gender - F
321,322,322,Id - 322; Age - 20; Occupation - student; Gender - M
322,323,323,Id - 323; Age - 21; Occupation - student; Gender - M
323,324,324,Id - 324; Age - 21; Occupation - student; Gender - F
324,325,325,Id - 325; Age - 48; Occupation - technician; Gender - M
325,326,326,Id - 326; Age - 41; Occupation - administrator; Gender - M
326,327,327,Id - 327; Age - 22; Occupation - student; Gender - M
327,328,328,Id - 328; Age - 51; Occupation - administrator; Gender - M
328,329,329,Id - 329; Age - 48; Occupation - educator; Gender - M
329,330,330,Id - 330; Age - 35; Occupation - educator; Gender - F
330,331,331,Id - 331; Age - 33; Occupation - entertainment; Gender - M
331,332,332,Id - 332; Age - 20; Occupation - student; Gender - M
332,333,333,Id - 333; Age - 47; Occupation - other; Gender - M
333,334,334,Id - 334; Age - 32; Occupation - librarian; Gender - M
334,335,335,Id - 335; Age - 45; Occupation - executive; Gender - M
335,336,336,Id - 336; Age - 23; Occupation - salesman; Gender - M
336,337,337,Id - 337; Age - 37; Occupation - scientist; Gender - M
337,338,338,Id - 338; Age - 39; Occupation - librarian; Gender - F
338,339,339,Id - 339; Age - 35; Occupation - lawyer; Gender - M
339,340,340,Id - 340; Age - 46; Occupation - engineer; Gender - M
340,341,341,Id - 341; Age - 17; Occupation - student; Gender - F
341,342,342,Id - 342; Age - 25; Occupation - other; Gender - F
342,343,343,Id - 343; Age - 43; Occupation - engineer; Gender - M
343,344,344,Id - 344; Age - 30; Occupation - librarian; Gender - F
344,345,345,Id - 345; Age - 28; Occupation - librarian; Gender - F
345,346,346,Id - 346; Age - 34; Occupation - other; Gender - M
346,347,347,Id - 347; Age - 18; Occupation - student; Gender - M
347,348,348,Id - 348; Age - 24; Occupation - student; Gender - F
348,349,349,Id - 349; Age - 68; Occupation - retired; Gender - M
349,350,350,Id - 350; Age - 32; Occupation - student; Gender - M
350,351,351,Id - 351; Age - 61; Occupation - educator; Gender - M
351,352,352,Id - 352; Age - 37; Occupation - programmer; Gender - F
352,353,353,Id - 353; Age - 25; Occupation - scientist; Gender - M
353,354,354,Id - 354; Age - 29; Occupation - librarian; Gender - F
354,355,355,Id - 355; Age - 25; Occupation - student; Gender - M
355,356,356,Id - 356; Age - 32; Occupation - homemaker; Gender - F
356,357,357,Id - 357; Age - 26; Occupation - executive; Gender - M
357,358,358,Id - 358; Age - 40; Occupation - educator; Gender - M
358,359,359,Id - 359; Age - 22; Occupation - student; Gender - M
359,360,360,Id - 360; Age - 51; Occupation - other; Gender - M
360,361,361,Id - 361; Age - 22; Occupation - student; Gender - M
361,362,362,Id - 362; Age - 35; Occupation - homemaker; Gender - F
362,363,363,Id - 363; Age - 20; Occupation - student; Gender - M
363,364,364,Id - 364; Age - 63; Occupation - engineer; Gender - M
364,365,365,Id - 365; Age - 29; Occupation - lawyer; Gender - M
365,366,366,Id - 366; Age - 20; Occupation - student; Gender - F
366,367,367,Id - 367; Age - 17; Occupation - student; Gender - M
367,368,368,Id - 368; Age - 18; Occupation - student; Gender - M
368,369,369,Id - 369; Age - 24; Occupation - student; Gender - M
369,370,370,Id - 370; Age - 52; Occupation - writer; Gender - M
370,371,371,Id - 371; Age - 36; Occupation - engineer; Gender - M
371,372,372,Id - 372; Age - 25; Occupation - student; Gender - F
372,373,373,Id - 373; Age - 24; Occupation - other; Gender - F
373,374,374,Id - 374; Age - 36; Occupation - executive; Gender - M
374,375,375,Id - 375; Age - 17; Occupation - entertainment; Gender - M
375,376,376,Id - 376; Age - 28; Occupation - other; Gender - F
376,377,377,Id - 377; Age - 22; Occupation - student; Gender - M
377,378,378,Id - 378; Age - 35; Occupation - student; Gender - M
378,379,379,Id - 379; Age - 44; Occupation - programmer; Gender - M
379,380,380,Id - 380; Age - 32; Occupation - engineer; Gender - M
380,381,381,Id - 381; Age - 33; Occupation - artist; Gender - M
381,382,382,Id - 382; Age - 45; Occupation - engineer; Gender - M
382,383,383,Id - 383; Age - 42; Occupation - administrator; Gender - M
383,384,384,Id - 384; Age - 52; Occupation - programmer; Gender - M
384,385,385,Id - 385; Age - 36; Occupation - writer; Gender - M
385,386,386,Id - 386; Age - 36; Occupation - salesman; Gender - M
386,387,387,Id - 387; Age - 33; Occupation - entertainment; Gender - M
387,388,388,Id - 388; Age - 31; Occupation - other; Gender - M
388,389,389,Id - 389; Age - 44; Occupation - writer; Gender - F
389,390,390,Id - 390; Age - 42; Occupation - writer; Gender - F
390,391,391,Id - 391; Age - 23; Occupation - student; Gender - M
391,392,392,Id - 392; Age - 52; Occupation - writer; Gender - M
392,393,393,Id - 393; Age - 19; Occupation - student; Gender - M
393,394,394,Id - 394; Age - 25; Occupation - administrator; Gender - M
394,395,395,Id - 395; Age - 43; Occupation - other; Gender - M
395,396,396,Id - 396; Age - 57; Occupation - engineer; Gender - M
396,397,397,Id - 397; Age - 17; Occupation - student; Gender - M
397,398,398,Id - 398; Age - 40; Occupation - other; Gender - M
398,399,399,Id - 399; Age - 25; Occupation - other; Gender - M
399,400,400,Id - 400; Age - 33; Occupation - administrator; Gender - F
400,401,401,Id - 401; Age - 46; Occupation - healthcare; Gender - F
401,402,402,Id - 402; Age - 30; Occupation - engineer; Gender - M
402,403,403,Id - 403; Age - 37; Occupation - other; Gender - M
403,404,404,Id - 404; Age - 29; Occupation - programmer; Gender - F
404,405,405,Id - 405; Age - 22; Occupation - healthcare; Gender - F
405,406,406,Id - 406; Age - 52; Occupation - educator; Gender - M
406,407,407,Id - 407; Age - 29; Occupation - engineer; Gender - M
407,408,408,Id - 408; Age - 23; Occupation - student; Gender - M
408,409,409,Id - 409; Age - 48; Occupation - administrator; Gender - M
409,410,410,Id - 410; Age - 30; Occupation - artist; Gender - F
410,411,411,Id - 411; Age - 34; Occupation - educator; Gender - M
411,412,412,Id - 412; Age - 25; Occupation - educator; Gender - M
412,413,413,Id - 413; Age - 55; Occupation - educator; Gender - M
413,414,414,Id - 414; Age - 24; Occupation - programmer; Gender - M
414,415,415,Id - 415; Age - 39; Occupation - educator; Gender - M
415,416,416,Id - 416; Age - 20; Occupation - student; Gender - F
416,417,417,Id - 417; Age - 27; Occupation - other; Gender - F
417,418,418,Id - 418; Age - 55; Occupation - none; Gender - F
418,419,419,Id - 419; Age - 37; Occupation - lawyer; Gender - M
419,420,420,Id - 420; Age - 53; Occupation - educator; Gender - M
420,421,421,Id - 421; Age - 38; Occupation - programmer; Gender - F
421,422,422,Id - 422; Age - 26; Occupation - entertainment; Gender - M
422,423,423,Id - 423; Age - 64; Occupation - other; Gender - M
423,424,424,Id - 424; Age - 36; Occupation - marketing; Gender - F
424,425,425,Id - 425; Age - 19; Occupation - student; Gender - M
425,426,426,Id - 426; Age - 55; Occupation - educator; Gender - M
426,427,427,Id - 427; Age - 51; Occupation - doctor; Gender - M
427,428,428,Id - 428; Age - 28; Occupation - student; Gender - M
428,429,429,Id - 429; Age - 27; Occupation - student; Gender - M
429,430,430,Id - 430; Age - 38; Occupation - scientist; Gender - M
430,431,431,Id - 431; Age - 24; Occupation - marketing; Gender - M
431,432,432,Id - 432; Age - 22; Occupation - entertainment; Gender - M
432,433,433,Id - 433; Age - 27; Occupation - artist; Gender - M
433,434,434,Id - 434; Age - 16; Occupation - student; Gender - F
434,435,435,Id - 435; Age - 24; Occupation - engineer; Gender - M
435,436,436,Id - 436; Age - 30; Occupation - administrator; Gender - F
436,437,437,Id - 437; Age - 27; Occupation - other; Gender - F
437,438,438,Id - 438; Age - 51; Occupation - administrator; Gender - F
438,439,439,Id - 439; Age - 23; Occupation - administrator; Gender - F
439,440,440,Id - 440; Age - 30; Occupation - other; Gender - M
440,441,441,Id - 441; Age - 50; Occupation - technician; Gender - M
441,442,442,Id - 442; Age - 22; Occupation - student; Gender - M
442,443,443,Id - 443; Age - 35; Occupation - salesman; Gender - M
443,444,444,Id - 444; Age - 51; Occupation - lawyer; Gender - F
444,445,445,Id - 445; Age - 21; Occupation - writer; Gender - M
445,446,446,Id - 446; Age - 57; Occupation - educator; Gender - M
446,447,447,Id - 447; Age - 30; Occupation - administrator; Gender - M
447,448,448,Id - 448; Age - 23; Occupation - entertainment; Gender - M
448,449,449,Id - 449; Age - 23; Occupation - librarian; Gender - M
449,450,450,Id - 450; Age - 35; Occupation - educator; Gender - F
450,451,451,Id - 451; Age - 16; Occupation - student; Gender - M
451,452,452,Id - 452; Age - 35; Occupation - administrator; Gender - M
452,453,453,Id - 453; Age - 18; Occupation - student; Gender - M
453,454,454,Id - 454; Age - 57; Occupation - other; Gender - M
454,455,455,Id - 455; Age - 48; Occupation - administrator; Gender - M
455,456,456,Id - 456; Age - 24; Occupation - technician; Gender - M
456,457,457,Id - 457; Age - 33; Occupation - salesman; Gender - F
457,458,458,Id - 458; Age - 47; Occupation - technician; Gender - M
458,459,459,Id - 459; Age - 22; Occupation - student; Gender - M
459,460,460,Id - 460; Age - 44; Occupation - other; Gender - F
460,461,461,Id - 461; Age - 15; Occupation - student; Gender - M
461,462,462,Id - 462; Age - 19; Occupation - student; Gender - F
462,463,463,Id - 463; Age - 48; Occupation - healthcare; Gender - F
463,464,464,Id - 464; Age - 60; Occupation - writer; Gender - M
464,465,465,Id - 465; Age - 32; Occupation - other; Gender - M
465,466,466,Id - 466; Age - 22; Occupation - student; Gender - M
466,467,467,Id - 467; Age - 29; Occupation - engineer; Gender - M
467,468,468,Id - 468; Age - 28; Occupation - engineer; Gender - M
468,469,469,Id - 469; Age - 60; Occupation - educator; Gender - M
469,470,470,Id - 470; Age - 24; Occupation - programmer; Gender - M
470,471,471,Id - 471; Age - 10; Occupation - student; Gender - M
471,472,472,Id - 472; Age - 24; Occupation - student; Gender - M
472,473,473,Id - 473; Age - 29; Occupation - student; Gender - M
473,474,474,Id - 474; Age - 51; Occupation - executive; Gender - M
474,475,475,Id - 475; Age - 30; Occupation - programmer; Gender - M
475,476,476,Id - 476; Age - 28; Occupation - student; Gender - M
476,477,477,Id - 477; Age - 23; Occupation - student; Gender - F
477,478,478,Id - 478; Age - 29; Occupation - other; Gender - M
478,479,479,Id - 479; Age - 30; Occupation - educator; Gender - M
479,480,480,Id - 480; Age - 57; Occupation - retired; Gender - M
480,481,481,Id - 481; Age - 73; Occupation - retired; Gender - M
481,482,482,Id - 482; Age - 18; Occupation - student; Gender - F
482,483,483,Id - 483; Age - 29; Occupation - scientist; Gender - M
483,484,484,Id - 484; Age - 27; Occupation - student; Gender - M
484,485,485,Id - 485; Age - 44; Occupation - educator; Gender - F
485,486,486,Id - 486; Age - 39; Occupation - educator; Gender - M
486,487,487,Id - 487; Age - 22; Occupation - engineer; Gender - M
487,488,488,Id - 488; Age - 48; Occupation - technician; Gender - M
488,489,489,Id - 489; Age - 55; Occupation - other; Gender - M
489,490,490,Id - 490; Age - 29; Occupation - artist; Gender - F
490,491,491,Id - 491; Age - 43; Occupation - writer; Gender - F
491,492,492,Id - 492; Age - 57; Occupation - educator; Gender - M
492,493,493,Id - 493; Age - 22; Occupation - engineer; Gender - M
493,494,494,Id - 494; Age - 38; Occupation - administrator; Gender - F
494,495,495,Id - 495; Age - 29; Occupation - engineer; Gender - M
495,496,496,Id - 496; Age - 21; Occupation - student; Gender - F
496,497,497,Id - 497; Age - 20; Occupation - student; Gender - M
497,498,498,Id - 498; Age - 26; Occupation - writer; Gender - M
498,499,499,Id - 499; Age - 42; Occupation - programmer; Gender - M
499,500,500,Id - 500; Age - 28; Occupation - administrator; Gender - M
500,501,501,Id - 501; Age - 22; Occupation - student; Gender - M
501,502,502,Id - 502; Age - 22; Occupation - student; Gender - M
502,503,503,Id - 503; Age - 50; Occupation - writer; Gender - F
503,504,504,Id - 504; Age - 40; Occupation - writer; Gender - F
504,505,505,Id - 505; Age - 27; Occupation - other; Gender - F
505,506,506,Id - 506; Age - 46; Occupation - programmer; Gender - M
506,507,507,Id - 507; Age - 18; Occupation - writer; Gender - F
507,508,508,Id - 508; Age - 27; Occupation - marketing; Gender - M
508,509,509,Id - 509; Age - 23; Occupation - administrator; Gender - M
509,510,510,Id - 510; Age - 34; Occupation - other; Gender - M
510,511,511,Id - 511; Age - 22; Occupation - student; Gender - M
511,512,512,Id - 512; Age - 29; Occupation - other; Gender - M
512,513,513,Id - 513; Age - 43; Occupation - administrator; Gender - M
513,514,514,Id - 514; Age - 27; Occupation - programmer; Gender - M
514,515,515,Id - 515; Age - 53; Occupation - marketing; Gender - M
515,516,516,Id - 516; Age - 53; Occupation - librarian; Gender - F
516,517,517,Id - 517; Age - 24; Occupation - student; Gender - M
517,518,518,Id - 518; Age - 49; Occupation - writer; Gender - F
518,519,519,Id - 519; Age - 22; Occupation - other; Gender - M
519,520,520,Id - 520; Age - 62; Occupation - healthcare; Gender - M
520,521,521,Id - 521; Age - 19; Occupation - student; Gender - M
521,522,522,Id - 522; Age - 36; Occupation - engineer; Gender - M
522,523,523,Id - 523; Age - 50; Occupation - administrator; Gender - F
523,524,524,Id - 524; Age - 56; Occupation - educator; Gender - M
524,525,525,Id - 525; Age - 27; Occupation - administrator; Gender - F
525,526,526,Id - 526; Age - 30; Occupation - marketing; Gender - M
526,527,527,Id - 527; Age - 33; Occupation - librarian; Gender - M
527,528,528,Id - 528; Age - 18; Occupation - student; Gender - M
528,529,529,Id - 529; Age - 47; Occupation - administrator; Gender - F
529,530,530,Id - 530; Age - 29; Occupation - engineer; Gender - M
530,531,531,Id - 531; Age - 30; Occupation - salesman; Gender - F
531,532,532,Id - 532; Age - 20; Occupation - student; Gender - M
532,533,533,Id - 533; Age - 43; Occupation - librarian; Gender - M
533,534,534,Id - 534; Age - 20; Occupation - student; Gender - M
534,535,535,Id - 535; Age - 45; Occupation - educator; Gender - F
535,536,536,Id - 536; Age - 38; Occupation - engineer; Gender - M
536,537,537,Id - 537; Age - 36; Occupation - engineer; Gender - M
537,538,538,Id - 538; Age - 31; Occupation - scientist; Gender - M
538,539,539,Id - 539; Age - 53; Occupation - administrator; Gender - F
539,540,540,Id - 540; Age - 28; Occupation - engineer; Gender - M
540,541,541,Id - 541; Age - 19; Occupation - student; Gender - F
541,542,542,Id - 542; Age - 21; Occupation - student; Gender - M
542,543,543,Id - 543; Age - 33; Occupation - scientist; Gender - M
543,544,544,Id - 544; Age - 44; Occupation - other; Gender - F
544,545,545,Id - 545; Age - 27; Occupation - technician; Gender - M
545,546,546,Id - 546; Age - 36; Occupation - executive; Gender - M
546,547,547,Id - 547; Age - 50; Occupation - educator; Gender - M
547,548,548,Id - 548; Age - 51; Occupation - writer; Gender - M
548,549,549,Id - 549; Age - 42; Occupation - scientist; Gender - M
549,550,550,Id - 550; Age - 16; Occupation - student; Gender - F
550,551,551,Id - 551; Age - 25; Occupation - programmer; Gender - M
551,552,552,Id - 552; Age - 45; Occupation - other; Gender - M
552,553,553,Id - 553; Age - 58; Occupation - educator; Gender - M
553,554,554,Id - 554; Age - 32; Occupation - scientist; Gender - M
554,555,555,Id - 555; Age - 29; Occupation - educator; Gender - F
555,556,556,Id - 556; Age - 35; Occupation - educator; Gender - F
556,557,557,Id - 557; Age - 30; Occupation - writer; Gender - F
557,558,558,Id - 558; Age - 56; Occupation - writer; Gender - F
558,559,559,Id - 559; Age - 69; Occupation - executive; Gender - M
559,560,560,Id - 560; Age - 32; Occupation - student; Gender - M
560,561,561,Id - 561; Age - 23; Occupation - engineer; Gender - M
561,562,562,Id - 562; Age - 54; Occupation - administrator; Gender - F
562,563,563,Id - 563; Age - 39; Occupation - librarian; Gender - F
563,564,564,Id - 564; Age - 65; Occupation - retired; Gender - M
564,565,565,Id - 565; Age - 40; Occupation - student; Gender - M
565,566,566,Id - 566; Age - 20; Occupation - student; Gender - M
566,567,567,Id - 567; Age - 24; Occupation - entertainment; Gender - M
567,568,568,Id - 568; Age - 39; Occupation - educator; Gender - M
568,569,569,Id - 569; Age - 34; Occupation - educator; Gender - M
569,570,570,Id - 570; Age - 26; Occupation - educator; Gender - M
570,571,571,Id - 571; Age - 34; Occupation - artist; Gender - M
571,572,572,Id - 572; Age - 51; Occupation - educator; Gender - M
572,573,573,Id - 573; Age - 68; Occupation - retired; Gender - M
573,574,574,Id - 574; Age - 56; Occupation - educator; Gender - M
574,575,575,Id - 575; Age - 33; Occupation - marketing; Gender - M
575,576,576,Id - 576; Age - 48; Occupation - executive; Gender - M
576,577,577,Id - 577; Age - 36; Occupation - student; Gender - F
577,578,578,Id - 578; Age - 31; Occupation - administrator; Gender - M
578,579,579,Id - 579; Age - 32; Occupation - educator; Gender - M
579,580,580,Id - 580; Age - 16; Occupation - student; Gender - M
580,581,581,Id - 581; Age - 37; Occupation - other; Gender - M
581,582,582,Id - 582; Age - 17; Occupation - student; Gender - M
582,583,583,Id - 583; Age - 44; Occupation - engineer; Gender - M
583,584,584,Id - 584; Age - 25; Occupation - student; Gender - M
584,585,585,Id - 585; Age - 69; Occupation - librarian; Gender - M
585,586,586,Id - 586; Age - 20; Occupation - student; Gender - M
586,587,587,Id - 587; Age - 26; Occupation - other; Gender - M
587,588,588,Id - 588; Age - 18; Occupation - student; Gender - F
588,589,589,Id - 589; Age - 21; Occupation - lawyer; Gender - M
589,590,590,Id - 590; Age - 50; Occupation - educator; Gender - M
590,591,591,Id - 591; Age - 57; Occupation - librarian; Gender - F
591,592,592,Id - 592; Age - 18; Occupation - student; Gender - M
592,593,593,Id - 593; Age - 31; Occupation - educator; Gender - F
593,594,594,Id - 594; Age - 46; Occupation - educator; Gender - M
594,595,595,Id - 595; Age - 25; Occupation - programmer; Gender - M
595,596,596,Id - 596; Age - 20; Occupation - artist; Gender - M
596,597,597,Id - 597; Age - 23; Occupation - other; Gender - M
597,598,598,Id - 598; Age - 40; Occupation - marketing; Gender - F
598,599,599,Id - 599; Age - 22; Occupation - student; Gender - F
599,600,600,Id - 600; Age - 34; Occupation - programmer; Gender - M
600,601,601,Id - 601; Age - 19; Occupation - artist; Gender - F
601,602,602,Id - 602; Age - 47; Occupation - other; Gender - F
602,603,603,Id - 603; Age - 21; Occupation - programmer; Gender - M
603,604,604,Id - 604; Age - 39; Occupation - educator; Gender - M
604,605,605,Id - 605; Age - 33; Occupation - engineer; Gender - M
605,606,606,Id - 606; Age - 28; Occupation - programmer; Gender - M
606,607,607,Id - 607; Age - 49; Occupation - healthcare; Gender - F
607,608,608,Id - 608; Age - 22; Occupation - other; Gender - M
608,609,609,Id - 609; Age - 13; Occupation - student; Gender - F
609,610,610,Id - 610; Age - 22; Occupation - student; Gender - M
610,611,611,Id - 611; Age - 46; Occupation - librarian; Gender - M
611,612,612,Id - 612; Age - 36; Occupation - educator; Gender - M
612,613,613,Id - 613; Age - 37; Occupation - marketing; Gender - F
613,614,614,Id - 614; Age - 54; Occupation - educator; Gender - M
614,615,615,Id - 615; Age - 38; Occupation - educator; Gender - M
615,616,616,Id - 616; Age - 55; Occupation - scientist; Gender - M
616,617,617,Id - 617; Age - 27; Occupation - writer; Gender - F
617,618,618,Id - 618; Age - 15; Occupation - student; Gender - F
618,619,619,Id - 619; Age - 17; Occupation - student; Gender - M
619,620,620,Id - 620; Age - 18; Occupation - writer; Gender - F
620,621,621,Id - 621; Age - 17; Occupation - student; Gender - M
621,622,622,Id - 622; Age - 25; Occupation - programmer; Gender - M
622,623,623,Id - 623; Age - 50; Occupation - educator; Gender - F
623,624,624,Id - 624; Age - 19; Occupation - student; Gender - M
624,625,625,Id - 625; Age - 27; Occupation - programmer; Gender - M
625,626,626,Id - 626; Age - 23; Occupation - scientist; Gender - M
626,627,627,Id - 627; Age - 24; Occupation - engineer; Gender - M
627,628,628,Id - 628; Age - 13; Occupation - none; Gender - M
628,629,629,Id - 629; Age - 46; Occupation - other; Gender - F
629,630,630,Id - 630; Age - 26; Occupation - healthcare; Gender - F
630,631,631,Id - 631; Age - 18; Occupation - student; Gender - F
631,632,632,Id - 632; Age - 18; Occupation - student; Gender - M
632,633,633,Id - 633; Age - 35; Occupation - programmer; Gender - M
633,634,634,Id - 634; Age - 39; Occupation - engineer; Gender - M
634,635,635,Id - 635; Age - 22; Occupation - other; Gender - M
635,636,636,Id - 636; Age - 47; Occupation - educator; Gender - M
636,637,637,Id - 637; Age - 30; Occupation - other; Gender - M
637,638,638,Id - 638; Age - 45; Occupation - engineer; Gender - M
638,639,639,Id - 639; Age - 42; Occupation - librarian; Gender - F
639,640,640,Id - 640; Age - 20; Occupation - student; Gender - M
640,641,641,Id - 641; Age - 24; Occupation - student; Gender - M
641,642,642,Id - 642; Age - 18; Occupation - student; Gender - F
642,643,643,Id - 643; Age - 39; Occupation - scientist; Gender - M
643,644,644,Id - 644; Age - 51; Occupation - retired; Gender - M
644,645,645,Id - 645; Age - 27; Occupation - programmer; Gender - M
645,646,646,Id - 646; Age - 17; Occupation - student; Gender - F
646,647,647,Id - 647; Age - 40; Occupation - educator; Gender - M
647,648,648,Id - 648; Age - 43; Occupation - engineer; Gender - M
648,649,649,Id - 649; Age - 20; Occupation - student; Gender - M
649,650,650,Id - 650; Age - 42; Occupation - engineer; Gender - M
650,651,651,Id - 651; Age - 65; Occupation - retired; Gender - M
651,652,652,Id - 652; Age - 35; Occupation - other; Gender - M
652,653,653,Id - 653; Age - 31; Occupation - executive; Gender - M
653,654,654,Id - 654; Age - 27; Occupation - student; Gender - F
654,655,655,Id - 655; Age - 50; Occupation - healthcare; Gender - F
655,656,656,Id - 656; Age - 48; Occupation - educator; Gender - M
656,657,657,Id - 657; Age - 26; Occupation - none; Gender - F
657,658,658,Id - 658; Age - 33; Occupation - programmer; Gender - M
658,659,659,Id - 659; Age - 31; Occupation - educator; Gender - M
659,660,660,Id - 660; Age - 26; Occupation - student; Gender - M
660,661,661,Id - 661; Age - 28; Occupation - programmer; Gender - M
661,662,662,Id - 662; Age - 55; Occupation - librarian; Gender - M
662,663,663,Id - 663; Age - 26; Occupation - other; Gender - M
663,664,664,Id - 664; Age - 30; Occupation - engineer; Gender - M
664,665,665,Id - 665; Age - 25; Occupation - administrator; Gender - M
665,666,666,Id - 666; Age - 44; Occupation - administrator; Gender - M
666,667,667,Id - 667; Age - 35; Occupation - librarian; Gender - M
667,668,668,Id - 668; Age - 29; Occupation - writer; Gender - F
668,669,669,Id - 669; Age - 37; Occupation - other; Gender - M
669,670,670,Id - 670; Age - 30; Occupation - technician; Gender - M
670,671,671,Id - 671; Age - 21; Occupation - programmer; Gender - M
671,672,672,Id - 672; Age - 54; Occupation - administrator; Gender - F
672,673,673,Id - 673; Age - 51; Occupation - educator; Gender - M
673,674,674,Id - 674; Age - 13; Occupation - student; Gender - F
674,675,675,Id - 675; Age - 34; Occupation - other; Gender - M
675,676,676,Id - 676; Age - 30; Occupation - programmer; Gender - M
676,677,677,Id - 677; Age - 20; Occupation - other; Gender - M
677,678,678,Id - 678; Age - 50; Occupation - educator; Gender - M
678,679,679,Id - 679; Age - 20; Occupation - student; Gender - F
679,680,680,Id - 680; Age - 33; Occupation - lawyer; Gender - M
680,681,681,Id - 681; Age - 44; Occupation - marketing; Gender - F
681,682,682,Id - 682; Age - 23; Occupation - programmer; Gender - M
682,683,683,Id - 683; Age - 42; Occupation - librarian; Gender - M
683,684,684,Id - 684; Age - 28; Occupation - student; Gender - M
684,685,685,Id - 685; Age - 32; Occupation - librarian; Gender - F
685,686,686,Id - 686; Age - 32; Occupation - educator; Gender - M
686,687,687,Id - 687; Age - 31; Occupation - healthcare; Gender - F
687,688,688,Id - 688; Age - 37; Occupation - administrator; Gender - F
688,689,689,Id - 689; Age - 25; Occupation - other; Gender - M
689,690,690,Id - 690; Age - 35; Occupation - salesman; Gender - M
690,691,691,Id - 691; Age - 34; Occupation - educator; Gender - M
691,692,692,Id - 692; Age - 34; Occupation - engineer; Gender - M
692,693,693,Id - 693; Age - 43; Occupation - healthcare; Gender - F
693,694,694,Id - 694; Age - 60; Occupation - programmer; Gender - M
694,695,695,Id - 695; Age - 26; Occupation - writer; Gender - M
695,696,696,Id - 696; Age - 55; Occupation - other; Gender - M
696,697,697,Id - 697; Age - 25; Occupation - other; Gender - M
697,698,698,Id - 698; Age - 28; Occupation - programmer; Gender - F
698,699,699,Id - 699; Age - 44; Occupation - other; Gender - M
699,700,700,Id - 700; Age - 17; Occupation - student; Gender - M
700,701,701,Id - 701; Age - 51; Occupation - librarian; Gender - F
701,702,702,Id - 702; Age - 37; Occupation - other; Gender - M
702,703,703,Id - 703; Age - 26; Occupation - educator; Gender - M
703,704,704,Id - 704; Age - 51; Occupation - librarian; Gender - F
704,705,705,Id - 705; Age - 21; Occupation - student; Gender - F
705,706,706,Id - 706; Age - 23; Occupation - student; Gender - M
706,707,707,Id - 707; Age - 56; Occupation - librarian; Gender - F
707,708,708,Id - 708; Age - 26; Occupation - homemaker; Gender - F
708,709,709,Id - 709; Age - 21; Occupation - other; Gender - M
709,710,710,Id - 710; Age - 19; Occupation - student; Gender - M
710,711,711,Id - 711; Age - 22; Occupation - student; Gender - F
711,712,712,Id - 712; Age - 22; Occupation - student; Gender - F
712,713,713,Id - 713; Age - 42; Occupation - other; Gender - F
713,714,714,Id - 714; Age - 26; Occupation - engineer; Gender - M
714,715,715,Id - 715; Age - 21; Occupation - technician; Gender - M
715,716,716,Id - 716; Age - 36; Occupation - administrator; Gender - F
716,717,717,Id - 717; Age - 24; Occupation - technician; Gender - M
717,718,718,Id - 718; Age - 42; Occupation - technician; Gender - M
718,719,719,Id - 719; Age - 37; Occupation - other; Gender - F
719,720,720,Id - 720; Age - 49; Occupation - administrator; Gender - F
720,721,721,Id - 721; Age - 24; Occupation - entertainment; Gender - F
721,722,722,Id - 722; Age - 50; Occupation - homemaker; Gender - F
722,723,723,Id - 723; Age - 26; Occupation - executive; Gender - M
723,724,724,Id - 724; Age - 31; Occupation - executive; Gender - M
724,725,725,Id - 725; Age - 21; Occupation - student; Gender - M
725,726,726,Id - 726; Age - 25; Occupation - administrator; Gender - F
726,727,727,Id - 727; Age - 25; Occupation - student; Gender - M
727,728,728,Id - 728; Age - 58; Occupation - executive; Gender - M
728,729,729,Id - 729; Age - 19; Occupation - student; Gender - M
729,730,730,Id - 730; Age - 31; Occupation - scientist; Gender - F
730,731,731,Id - 731; Age - 41; Occupation - educator; Gender - F
731,732,732,Id - 732; Age - 28; Occupation - other; Gender - F
732,733,733,Id - 733; Age - 44; Occupation - other; Gender - F
733,734,734,Id - 734; Age - 25; Occupation - other; Gender - F
734,735,735,Id - 735; Age - 29; Occupation - healthcare; Gender - F
735,736,736,Id - 736; Age - 48; Occupation - writer; Gender - F
736,737,737,Id - 737; Age - 30; Occupation - programmer; Gender - M
737,738,738,Id - 738; Age - 35; Occupation - technician; Gender - M
738,739,739,Id - 739; Age - 35; Occupation - technician; Gender - M
739,740,740,Id - 740; Age - 25; Occupation - educator; Gender - F
740,741,741,Id - 741; Age - 25; Occupation - writer; Gender - M
741,742,742,Id - 742; Age - 35; Occupation - student; Gender - M
742,743,743,Id - 743; Age - 31; Occupation - programmer; Gender - M
743,744,744,Id - 744; Age - 35; Occupation - marketing; Gender - M
744,745,745,Id - 745; Age - 42; Occupation - writer; Gender - M
745,746,746,Id - 746; Age - 25; Occupation - engineer; Gender - M
746,747,747,Id - 747; Age - 19; Occupation - other; Gender - M
747,748,748,Id - 748; Age - 28; Occupation - administrator; Gender - M
748,749,749,Id - 749; Age - 33; Occupation - other; Gender - M
749,750,750,Id - 750; Age - 28; Occupation - administrator; Gender - M
750,751,751,Id - 751; Age - 24; Occupation - other; Gender - F
751,752,752,Id - 752; Age - 60; Occupation - retired; Gender - M
752,753,753,Id - 753; Age - 56; Occupation - salesman; Gender - M
753,754,754,Id - 754; Age - 59; Occupation - librarian; Gender - F
754,755,755,Id - 755; Age - 44; Occupation - educator; Gender - F
755,756,756,Id - 756; Age - 30; Occupation - none; Gender - F
756,757,757,Id - 757; Age - 26; Occupation - student; Gender - M
757,758,758,Id - 758; Age - 27; Occupation - student; Gender - M
758,759,759,Id - 759; Age - 20; Occupation - student; Gender - F
759,760,760,Id - 760; Age - 35; Occupation - other; Gender - F
760,761,761,Id - 761; Age - 17; Occupation - student; Gender - M
761,762,762,Id - 762; Age - 32; Occupation - administrator; Gender - M
762,763,763,Id - 763; Age - 27; Occupation - scientist; Gender - M
763,764,764,Id - 764; Age - 27; Occupation - educator; Gender - F
764,765,765,Id - 765; Age - 31; Occupation - student; Gender - M
765,766,766,Id - 766; Age - 42; Occupation - other; Gender - M
766,767,767,Id - 767; Age - 70; Occupation - engineer; Gender - M
767,768,768,Id - 768; Age - 29; Occupation - administrator; Gender - M
768,769,769,Id - 769; Age - 39; Occupation - executive; Gender - M
769,770,770,Id - 770; Age - 28; Occupation - student; Gender - M
770,771,771,Id - 771; Age - 26; Occupation - student; Gender - M
771,772,772,Id - 772; Age - 50; Occupation - writer; Gender - M
772,773,773,Id - 773; Age - 20; Occupation - student; Gender - M
773,774,774,Id - 774; Age - 30; Occupation - student; Gender - M
774,775,775,Id - 775; Age - 46; Occupation - executive; Gender - M
775,776,776,Id - 776; Age - 30; Occupation - librarian; Gender - M
776,777,777,Id - 777; Age - 63; Occupation - programmer; Gender - M
777,778,778,Id - 778; Age - 34; Occupation - student; Gender - M
778,779,779,Id - 779; Age - 31; Occupation - student; Gender - M
779,780,780,Id - 780; Age - 49; Occupation - programmer; Gender - M
780,781,781,Id - 781; Age - 20; Occupation - student; Gender - M
781,782,782,Id - 782; Age - 21; Occupation - artist; Gender - F
782,783,783,Id - 783; Age - 30; Occupation - marketing; Gender - M
783,784,784,Id - 784; Age - 47; Occupation - administrator; Gender - M
784,785,785,Id - 785; Age - 32; Occupation - engineer; Gender - M
785,786,786,Id - 786; Age - 36; Occupation - engineer; Gender - F
786,787,787,Id - 787; Age - 18; Occupation - student; Gender - F
787,788,788,Id - 788; Age - 51; Occupation - administrator; Gender - M
788,789,789,Id - 789; Age - 29; Occupation - other; Gender - M
789,790,790,Id - 790; Age - 27; Occupation - technician; Gender - M
790,791,791,Id - 791; Age - 31; Occupation - educator; Gender - M
791,792,792,Id - 792; Age - 40; Occupation - programmer; Gender - M
792,793,793,Id - 793; Age - 22; Occupation - student; Gender - M
793,794,794,Id - 794; Age - 32; Occupation - educator; Gender - M
794,795,795,Id - 795; Age - 30; Occupation - programmer; Gender - M
795,796,796,Id - 796; Age - 32; Occupation - writer; Gender - F
796,797,797,Id - 797; Age - 44; Occupation - other; Gender - F
797,798,798,Id - 798; Age - 40; Occupation - writer; Gender - F
798,799,799,Id - 799; Age - 49; Occupation - administrator; Gender - F
799,800,800,Id - 800; Age - 25; Occupation - programmer; Gender - M
800,801,801,Id - 801; Age - 22; Occupation - writer; Gender - M
801,802,802,Id - 802; Age - 35; Occupation - administrator; Gender - M
802,803,803,Id - 803; Age - 70; Occupation - administrator; Gender - M
803,804,804,Id - 804; Age - 39; Occupation - educator; Gender - M
804,805,805,Id - 805; Age - 27; Occupation - other; Gender - F
805,806,806,Id - 806; Age - 27; Occupation - marketing; Gender - M
806,807,807,Id - 807; Age - 41; Occupation - healthcare; Gender - F
807,808,808,Id - 808; Age - 45; Occupation - salesman; Gender - M
808,809,809,Id - 809; Age - 50; Occupation - marketing; Gender - F
809,810,810,Id - 810; Age - 55; Occupation - other; Gender - F
810,811,811,Id - 811; Age - 40; Occupation - educator; Gender - F
811,812,812,Id - 812; Age - 22; Occupation - technician; Gender - M
812,813,813,Id - 813; Age - 14; Occupation - student; Gender - F
813,814,814,Id - 814; Age - 30; Occupation - other; Gender - M
814,815,815,Id - 815; Age - 32; Occupation - other; Gender - M
815,816,816,Id - 816; Age - 34; Occupation - other; Gender - M
816,817,817,Id - 817; Age - 19; Occupation - student; Gender - M
817,818,818,Id - 818; Age - 28; Occupation - librarian; Gender - M
818,819,819,Id - 819; Age - 59; Occupation - administrator; Gender - M
819,820,820,Id - 820; Age - 22; Occupation - student; Gender - M
820,821,821,Id - 821; Age - 37; Occupation - engineer; Gender - M
821,822,822,Id - 822; Age - 29; Occupation - librarian; Gender - F
822,823,823,Id - 823; Age - 27; Occupation - artist; Gender - M
823,824,824,Id - 824; Age - 31; Occupation - other; Gender - M
824,825,825,Id - 825; Age - 44; Occupation - engineer; Gender - M
825,826,826,Id - 826; Age - 28; Occupation - artist; Gender - M
826,827,827,Id - 827; Age - 23; Occupation - engineer; Gender - F
827,828,828,Id - 828; Age - 28; Occupation - librarian; Gender - M
828,829,829,Id - 829; Age - 48; Occupation - writer; Gender - M
829,830,830,Id - 830; Age - 46; Occupation - programmer; Gender - M
830,831,831,Id - 831; Age - 21; Occupation - other; Gender - M
831,832,832,Id - 832; Age - 24; Occupation - technician; Gender - M
832,833,833,Id - 833; Age - 34; Occupation - writer; Gender - M
833,834,834,Id - 834; Age - 26; Occupation - other; Gender - M
834,835,835,Id - 835; Age - 44; Occupation - executive; Gender - F
835,836,836,Id - 836; Age - 44; Occupation - artist; Gender - M
836,837,837,Id - 837; Age - 36; Occupation - artist; Gender - F
837,838,838,Id - 838; Age - 23; Occupation - student; Gender - M
838,839,839,Id - 839; Age - 38; Occupation - entertainment; Gender - F
839,840,840,Id - 840; Age - 39; Occupation - artist; Gender - M
840,841,841,Id - 841; Age - 45; Occupation - doctor; Gender - M
841,842,842,Id - 842; Age - 40; Occupation - writer; Gender - M
842,843,843,Id - 843; Age - 35; Occupation - librarian; Gender - M
843,844,844,Id - 844; Age - 22; Occupation - engineer; Gender - M
844,845,845,Id - 845; Age - 64; Occupation - doctor; Gender - M
845,846,846,Id - 846; Age - 27; Occupation - lawyer; Gender - M
846,847,847,Id - 847; Age - 29; Occupation - student; Gender - M
847,848,848,Id - 848; Age - 46; Occupation - engineer; Gender - M
848,849,849,Id - 849; Age - 15; Occupation - student; Gender - F
849,850,850,Id - 850; Age - 34; Occupation - technician; Gender - M
850,851,851,Id - 851; Age - 18; Occupation - other; Gender - M
851,852,852,Id - 852; Age - 46; Occupation - administrator; Gender - M
852,853,853,Id - 853; Age - 49; Occupation - writer; Gender - M
853,854,854,Id - 854; Age - 29; Occupation - student; Gender - F
854,855,855,Id - 855; Age - 53; Occupation - librarian; Gender - M
855,856,856,Id - 856; Age - 43; Occupation - marketing; Gender - F
856,857,857,Id - 857; Age - 35; Occupation - administrator; Gender - F
857,858,858,Id - 858; Age - 63; Occupation - educator; Gender - M
858,859,859,Id - 859; Age - 18; Occupation - other; Gender - F
859,860,860,Id - 860; Age - 70; Occupation - retired; Gender - F
860,861,861,Id - 861; Age - 38; Occupation - student; Gender - F
861,862,862,Id - 862; Age - 25; Occupation - executive; Gender - M
862,863,863,Id - 863; Age - 17; Occupation - student; Gender - M
863,864,864,Id - 864; Age - 27; Occupation - programmer; Gender - M
864,865,865,Id - 865; Age - 25; Occupation - artist; Gender - M
865,866,866,Id - 866; Age - 45; Occupation - other; Gender - M
866,867,867,Id - 867; Age - 24; Occupation - scientist; Gender - M
867,868,868,Id - 868; Age - 21; Occupation - programmer; Gender - M
868,869,869,Id - 869; Age - 30; Occupation - student; Gender - M
869,870,870,Id - 870; Age - 22; Occupation - student; Gender - M
870,871,871,Id - 871; Age - 31; Occupation - executive; Gender - M
871,872,872,Id - 872; Age - 19; Occupation - student; Gender - F
872,873,873,Id - 873; Age - 48; Occupation - administrator; Gender - F
873,874,874,Id - 874; Age - 36; Occupation - scientist; Gender - M
874,875,875,Id - 875; Age - 24; Occupation - student; Gender - F
875,876,876,Id - 876; Age - 41; Occupation - other; Gender - M
876,877,877,Id - 877; Age - 30; Occupation - other; Gender - M
877,878,878,Id - 878; Age - 50; Occupation - educator; Gender - F
878,879,879,Id - 879; Age - 33; Occupation - administrator; Gender - F
879,880,880,Id - 880; Age - 13; Occupation - student; Gender - M
880,881,881,Id - 881; Age - 39; Occupation - marketing; Gender - M
881,882,882,Id - 882; Age - 35; Occupation - engineer; Gender - M
882,883,883,Id - 883; Age - 49; Occupation - librarian; Gender - M
883,884,884,Id - 884; Age - 44; Occupation - engineer; Gender - M
884,885,885,Id - 885; Age - 30; Occupation - other; Gender - F
885,886,886,Id - 886; Age - 20; Occupation - student; Gender - M
886,887,887,Id - 887; Age - 14; Occupation - student; Gender - F
887,888,888,Id - 888; Age - 41; Occupation - scientist; Gender - M
888,889,889,Id - 889; Age - 24; Occupation - technician; Gender - M
889,890,890,Id - 890; Age - 32; Occupation - student; Gender - M
890,891,891,Id - 891; Age - 51; Occupation - administrator; Gender - F
891,892,892,Id - 892; Age - 36; Occupation - other; Gender - M
892,893,893,Id - 893; Age - 25; Occupation - student; Gender - M
893,894,894,Id - 894; Age - 47; Occupation - educator; Gender - M
894,895,895,Id - 895; Age - 31; Occupation - librarian; Gender - F
895,896,896,Id - 896; Age - 28; Occupation - writer; Gender - M
896,897,897,Id - 897; Age - 30; Occupation - other; Gender - M
897,898,898,Id - 898; Age - 23; Occupation - homemaker; Gender - M
898,899,899,Id - 899; Age - 32; Occupation - other; Gender - M
899,900,900,Id - 900; Age - 60; Occupation - retired; Gender - M
900,901,901,Id - 901; Age - 38; Occupation - executive; Gender - M
901,902,902,Id - 902; Age - 45; Occupation - artist; Gender - F
902,903,903,Id - 903; Age - 28; Occupation - educator; Gender - M
903,904,904,Id - 904; Age - 17; Occupation - student; Gender - F
904,905,905,Id - 905; Age - 27; Occupation - other; Gender - M
905,906,906,Id - 906; Age - 45; Occupation - librarian; Gender - M
906,907,907,Id - 907; Age - 25; Occupation - other; Gender - F
907,908,908,Id - 908; Age - 44; Occupation - librarian; Gender - F
908,909,909,Id - 909; Age - 50; Occupation - educator; Gender - F
909,910,910,Id - 910; Age - 28; Occupation - healthcare; Gender - M
910,911,911,Id - 911; Age - 37; Occupation - writer; Gender - F
911,912,912,Id - 912; Age - 51; Occupation - other; Gender - M
912,913,913,Id - 913; Age - 27; Occupation - student; Gender - M
913,914,914,Id - 914; Age - 44; Occupation - other; Gender - F
914,915,915,Id - 915; Age - 50; Occupation - entertainment; Gender - M
915,916,916,Id - 916; Age - 27; Occupation - engineer; Gender - M
916,917,917,Id - 917; Age - 22; Occupation - student; Gender - F
917,918,918,Id - 918; Age - 40; Occupation - scientist; Gender - M
918,919,919,Id - 919; Age - 25; Occupation - other; Gender - M
919,920,920,Id - 920; Age - 30; Occupation - artist; Gender - F
920,921,921,Id - 921; Age - 20; Occupation - student; Gender - F
921,922,922,Id - 922; Age - 29; Occupation - administrator; Gender - F
922,923,923,Id - 923; Age - 21; Occupation - student; Gender - M
923,924,924,Id - 924; Age - 29; Occupation - other; Gender - M
924,925,925,Id - 925; Age - 18; Occupation - salesman; Gender - F
925,926,926,Id - 926; Age - 49; Occupation - entertainment; Gender - M
926,927,927,Id - 927; Age - 23; Occupation - programmer; Gender - M
927,928,928,Id - 928; Age - 21; Occupation - student; Gender - M
928,929,929,Id - 929; Age - 44; Occupation - scientist; Gender - M
929,930,930,Id - 930; Age - 28; Occupation - scientist; Gender - F
930,931,931,Id - 931; Age - 60; Occupation - educator; Gender - M
931,932,932,Id - 932; Age - 58; Occupation - educator; Gender - M
932,933,933,Id - 933; Age - 28; Occupation - student; Gender - M
933,934,934,Id - 934; Age - 61; Occupation - engineer; Gender - M
934,935,935,Id - 935; Age - 42; Occupation - doctor; Gender - M
935,936,936,Id - 936; Age - 24; Occupation - other; Gender - M
936,937,937,Id - 937; Age - 48; Occupation - educator; Gender - M
937,938,938,Id - 938; Age - 38; Occupation - technician; Gender - F
938,939,939,Id - 939; Age - 26; Occupation - student; Gender - F
939,940,940,Id - 940; Age - 32; Occupation - administrator; Gender - M
940,941,941,Id - 941; Age - 20; Occupation - student; Gender - M
941,942,942,Id - 942; Age - 48; Occupation - librarian; Gender - F
942,943,943,Id - 943; Age - 22; Occupation - student; Gender - M
